<?xml version="1.0" encoding="UTF-8"?>
<project-private xmlns="http://www.netbeans.org/ns/project-private/1">
    <editor-bookmarks xmlns="http://www.netbeans.org/ns/editor-bookmarks/2" lastBookmarkId="0"/>
    <open-files xmlns="http://www.netbeans.org/ns/projectui-open-files/2">
        <group>
            <file>file:/home/jr/DHIS/dhis-live/webapps/dhis/apps/appengine/templates/mapgen.html</file>
            <file>file:/home/jr/DHIS/dhis-live/webapps/dhis/apps/appengine/index.html</file>
            <file>file:/home/jr/DHIS/dhis-live/webapps/dhis/apps/appengine/js/main.js</file>
        </group>
    </open-files>
</project-private>
